node_id,formula,before_train_acc,before_test_acc,before_overall_acc,after_cv_mean,after_cv_std,after_train_acc,after_test_acc
eea9be49,D = \left( \frac{r_A + r_X}{r_B + r_X} \right)^2 + \frac{|n_,0.7782608695652173,0.8103448275862069,0.8103448275862069,0.7673163418290855,0.03810102294071492,0.7782608695652173,0.8103448275862069
28206b00,D = \left| \frac{r_A}{r_X} - \frac{r_B}{r_X} \right|^{1.5} +,0.6934782608695652,0.7758620689655172,0.7758620689655172,0.7101349325337332,0.02528388746249364,0.6934782608695652,0.7758620689655172
7cc51e88,D = \frac{r_A \times r_B \times r_X \times |n_A| \times |n_B,0.7978260869565217,0.75,0.75,0.7760119940029986,0.020422409772364897,0.7978260869565217,0.75
62adad62,D = \frac{1}{1 + \exp\left(10 \times \left(\frac{r_A}{r_X} -,0.7043478260869566,0.7241379310344828,0.7241379310344828,0.6962068965517241,0.030818826429432674,0.7043478260869566,0.7241379310344828
18e3448d,\text{Descriptor} = \frac{\sqrt{(r_A - r_B)^2 + (n_A + n_X)^,0.7652173913043478,0.6982758620689655,0.6982758620689655,0.7361469265367317,0.04630554136157381,0.7652173913043478,0.6982758620689655
4a1f0c77,\text{descriptor} = \frac{1}{1 + \left[ (r_A - \sqrt{r_B r_X,0.691304347826087,0.6637931034482759,0.6637931034482759,0.6649925037481259,0.030632367252483573,0.691304347826087,0.6637931034482759
6b1a8807,S = \frac{1}{1 + \exp\left(-\left(\frac{1}{1 + |\frac{r_A}{r,0.6978260869565217,0.6293103448275862,0.6293103448275862,0.6389655172413793,0.03366811658735814,0.6978260869565217,0.6293103448275862
d22155cf,D = 1 - \exp\left(-\left(\left(\frac{|n_A| r_X}{|n_B| r_A + ,0.658695652173913,0.6120689655172413,0.6120689655172413,0.6441829085457271,0.02784490200373776,0.658695652173913,0.6120689655172413
