{
  "method": "FEM",
  "cv_accuracy": 0.9149775112443777,
  "cv_std": 0.02133283142320877,
  "cv_fold_scores": [
    0.8879310344827587,
    0.8956521739130435,
    0.9478260869565217,
    0.9217391304347826,
    0.9217391304347826
  ],
  "train_accuracy": 0.9347826086956522,
  "test_accuracy": 0.9396551724137931,
  "best_tree_depth": 3,
  "n_features": 8,
  "feature_names": [
    "t",
    "tau",
    "mu",
    "chi",
    "sig",
    "dlt",
    "nu",
    "rho"
  ]
}