node_id,formula,before_train_acc,before_test_acc,before_overall_acc,after_cv_mean,after_cv_std,after_train_acc,after_test_acc
c87c6cef,\text{descriptor} = \tanh\left( \frac{r_A \times |n_A| + r_B,0.7108695652173913,0.8189655172413793,0.8189655172413793,0.7309145427286357,0.018035527118481984,0.7108695652173913,0.8189655172413793
d66bf3d9,D = \left| r_A - r_B \right|^{1.5} \times \frac{n_A n_B}{r_A,0.7282608695652174,0.7758620689655172,0.7758620689655172,0.7152323838080961,0.032139060697967625,0.7282608695652174,0.7758620689655172
24c09d22, 	ext{descriptor} = e^{-ig| \frac{r_A}{|n_A|} - \frac{r_X}{,0.7108695652173913,0.7586206896551724,0.7586206896551724,0.7274212893553225,0.004716423410705214,0.7108695652173913,0.7586206896551724
0bc1f5a0,D = -\log\left( \exp\left( -\frac{|r_B - r_A|}{r_X} \right) ,0.7956521739130434,0.7327586206896551,0.7327586206896551,0.7690704647676162,0.016465264264398292,0.7956521739130434,0.7327586206896551
8c42e6f7, 	ext{descriptor} = e^{-\frac{\frac{r_A |n_A| + r_B |n_B| + ,0.7217391304347827,0.7068965517241379,0.7068965517241379,0.6909595202398802,0.020443069154209414,0.7217391304347827,0.7068965517241379
836c0974,D = \left[ e^{-\lvert n_A - n_B \rvert} \right] \times \sin\,0.591304347826087,0.6551724137931034,0.6551724137931034,0.5798050974512743,0.033892596606312934,0.591304347826087,0.6551724137931034
9c59a60a,D = \tanh\left( \frac{|r_A - r_B| \times |r_A - r_X|}{r_A + ,0.6956521739130435,0.6379310344827587,0.6379310344827587,0.6770614692653674,0.013257307413690354,0.6956521739130435,0.6379310344827587
fb40024f,D = \frac{|n_A - n_B|}{\left( (r_A r_B r_X)^{1/3} \right) \t,0.6739130434782609,0.6206896551724138,0.6206896551724138,0.6614092953523238,0.016470915006037295,0.6739130434782609,0.6206896551724138
