node_id,formula,before_train_acc,before_test_acc,before_overall_acc,after_cv_mean,after_cv_std,after_train_acc,after_test_acc
d3189253,S = \frac{1}{1 + e^{-\left(\left|\frac{|n_A|}{r_A} - \frac{|,0.7391304347826086,0.8189655172413793,0.8189655172413793,0.7534932533733134,0.024106230405810787,0.7391304347826086,0.8189655172413793
d0150e7b,,0.7282608695652174,0.7672413793103449,0.7672413793103449,0.7273913043478262,0.014782608695652157,0.7282608695652174,0.7672413793103449
e3019583,D = \log(1 + |1 - \frac{r_A}{\sqrt{r_B r_X}}|) + 0.5 |n_A n_,0.7195652173913043,0.7413793103448276,0.7413793103448276,0.7187706146926537,0.015715233682264147,0.7195652173913043,0.7413793103448276
65891a06,"f(rA, rB, rX, nA, nB, nX) = \frac{1}{1 + \exp\left(-\left( \",0.65,0.7327586206896551,0.7327586206896551,0.6649325337331335,0.012910313015136614,0.65,0.7327586206896551
0374d72a,stability\_index = \tanh\left( \left( \frac{r_A}{r_B} - 1 \r,0.7369565217391304,0.7068965517241379,0.7068965517241379,0.699640179910045,0.040715798031557726,0.7369565217391304,0.7068965517241379
5591bf42,S = -\left| r_A - \frac{r_B + r_X}{2} \right| \times \frac{|,0.6521739130434783,0.6637931034482759,0.6637931034482759,0.6371814092953524,0.03834893729099156,0.6521739130434783,0.6637931034482759
4627df9a,"f(r_A, r_B, r_X, n_A, n_B, n_X) = \tanh\left(50 \times \left",0.5956521739130435,0.646551724137931,0.646551724137931,0.6041979010494753,0.018791774289203506,0.5956521739130435,0.646551724137931
fa7e781d,d = \left( \frac{2}{\frac{1}{r_A} + \frac{1}{r_B} + \frac{1},0.691304347826087,0.6293103448275862,0.6293103448275862,0.6424137931034483,0.02960920424205804,0.691304347826087,0.6293103448275862
