node_id,formula,before_train_acc,before_test_acc,before_overall_acc,after_cv_mean,after_cv_std,after_train_acc,after_test_acc
7cf61bca,\text{stability	extunderscore score} = \frac{(r_A n_A + r_B ,0.8608695652173913,0.853448275862069,0.853448275862069,0.8472113943028485,0.017986781113476163,0.8608695652173913,0.853448275862069
0d9607c6,value = \frac{|r_A - r_B|}{r_A + r_B} \times \ln\left(1 + \f,0.7652173913043478,0.7844827586206896,0.7844827586206896,0.772623688155922,0.03274187077566864,0.7652173913043478,0.7844827586206896
7daf4dee,d = \exp\left( |\frac{r_A}{r_B} - \frac{n_A}{n_B}| + |\frac{,0.7521739130434782,0.7586206896551724,0.7586206896551724,0.737751124437781,0.040301277907168136,0.7521739130434782,0.7586206896551724
7aa2ff04,D = \left| \left( r_A^{n_A} \times r_B^{n_B} \times r_X^{n_X,0.8065217391304348,0.7413793103448276,0.7413793103448276,0.7933883058470765,0.01701714559965417,0.8065217391304348,0.7413793103448276
bb384014,size	extsubscript{disparity} = |r_A - r_B| + |r_X - \frac{r_,0.7760869565217391,0.7155172413793104,0.7155172413793104,0.7603748125937031,0.021426569658678188,0.7760869565217391,0.7155172413793104
a0762ce0,\text{descriptor} = \log\left( \sqrt{\frac{r_A}{r_B} \times ,0.7369565217391304,0.6810344827586207,0.6810344827586207,0.7013493253373313,0.035340101372298094,0.7369565217391304,0.6810344827586207
57ad596b,\text{descriptor} = 1 - \tanh\left( \frac{1}{ ( \frac{|r_A -,0.7434782608695653,0.6551724137931034,0.6551724137931034,0.7083958020989505,0.0286832889197522,0.7434782608695653,0.6551724137931034
23376709, 	ext{descriptor} = rac{	ext{sin}igg(rac{r_A}{r_X} - rac,0.6978260869565217,0.6206896551724138,0.6206896551724138,0.6787256371814093,0.028381423386262195,0.6978260869565217,0.6206896551724138
